ID,Label
0.jpg,62
1.jpg,43
2.jpg,38
3.jpg,51
4.jpg,42
5.jpg,89
6.jpg,3
7.jpg,28
8.jpg,71
9.jpg,66
10.jpg,79
11.jpg,90
12.jpg,88
13.jpg,52
14.jpg,35
15.jpg,0
16.jpg,92
17.jpg,90
18.jpg,12
19.jpg,27
20.jpg,86
21.jpg,14
22.jpg,74
23.jpg,88
24.jpg,32
25.jpg,93
26.jpg,71
27.jpg,20
28.jpg,39
29.jpg,33
30.jpg,53
31.jpg,32
32.jpg,44
33.jpg,83
34.jpg,19
35.jpg,24
36.jpg,58
37.jpg,91
38.jpg,51
39.jpg,94
40.jpg,77
41.jpg,74
42.jpg,2
43.jpg,21
44.jpg,89
45.jpg,96
46.jpg,97
47.jpg,66
48.jpg,24
49.jpg,0
50.jpg,83
51.jpg,6
52.jpg,41
53.jpg,80
54.jpg,29
55.jpg,16
56.jpg,97
57.jpg,58
58.jpg,64
59.jpg,42
60.jpg,41
61.jpg,81
62.jpg,60
63.jpg,85
64.jpg,41
65.jpg,12
66.jpg,43
67.jpg,11
68.jpg,91
69.jpg,59
70.jpg,69
71.jpg,53
72.jpg,18
73.jpg,8
74.jpg,69
75.jpg,46
76.jpg,22
77.jpg,47
78.jpg,65
79.jpg,10
80.jpg,25
81.jpg,43
82.jpg,88
83.jpg,20
84.jpg,99
85.jpg,97
86.jpg,93
87.jpg,48
88.jpg,79
89.jpg,8
90.jpg,44
91.jpg,29
92.jpg,42
93.jpg,22
94.jpg,42
95.jpg,24
96.jpg,15
97.jpg,72
98.jpg,85
99.jpg,14
100.jpg,29
101.jpg,61
102.jpg,95
103.jpg,44
104.jpg,4
105.jpg,10
106.jpg,51
107.jpg,0
108.jpg,72
109.jpg,87
110.jpg,65
111.jpg,23
112.jpg,31
113.jpg,63
114.jpg,53
115.jpg,65
116.jpg,1
117.jpg,50
118.jpg,9
119.jpg,32
120.jpg,50
121.jpg,70
122.jpg,5
123.jpg,64
124.jpg,58
125.jpg,82
126.jpg,66
127.jpg,41
128.jpg,19
129.jpg,59
130.jpg,88
131.jpg,35
132.jpg,45
133.jpg,97
134.jpg,92
135.jpg,45
136.jpg,97
137.jpg,87
138.jpg,40
139.jpg,83
140.jpg,56
141.jpg,94
142.jpg,22
143.jpg,87
144.jpg,80
145.jpg,85
146.jpg,20
147.jpg,75
148.jpg,35
149.jpg,35
150.jpg,7
151.jpg,61
152.jpg,74
153.jpg,14
154.jpg,93
155.jpg,39
156.jpg,78
157.jpg,58
158.jpg,51
159.jpg,10
160.jpg,2
161.jpg,64
162.jpg,18
163.jpg,46
164.jpg,57
165.jpg,87
166.jpg,14
167.jpg,31
168.jpg,26
169.jpg,67
170.jpg,89
171.jpg,13
172.jpg,55
173.jpg,69
174.jpg,6
175.jpg,51
176.jpg,62
177.jpg,20
178.jpg,4
179.jpg,93
180.jpg,76
181.jpg,88
182.jpg,63
183.jpg,23
184.jpg,95
185.jpg,9
186.jpg,36
187.jpg,41
188.jpg,79
189.jpg,59
190.jpg,35
191.jpg,88
192.jpg,37
193.jpg,26
194.jpg,96
195.jpg,32
196.jpg,94
197.jpg,53
198.jpg,47
199.jpg,67
200.jpg,93
201.jpg,26
202.jpg,38
203.jpg,94
204.jpg,83
205.jpg,75
206.jpg,53
207.jpg,8
208.jpg,7
209.jpg,9
210.jpg,66
211.jpg,54
212.jpg,75
213.jpg,1
214.jpg,38
215.jpg,2
216.jpg,3
217.jpg,1
218.jpg,52
219.jpg,29
220.jpg,60
221.jpg,15
222.jpg,49
223.jpg,11
224.jpg,67
225.jpg,80
226.jpg,27
227.jpg,37
228.jpg,20
229.jpg,84
230.jpg,96
231.jpg,88
232.jpg,91
233.jpg,84
234.jpg,5
235.jpg,80
236.jpg,13
237.jpg,38
238.jpg,80
239.jpg,54
240.jpg,9
241.jpg,5
242.jpg,19
243.jpg,52
244.jpg,33
245.jpg,2
246.jpg,87
247.jpg,94
248.jpg,13
249.jpg,80
250.jpg,54
251.jpg,38
252.jpg,18
253.jpg,60
254.jpg,85
255.jpg,56
256.jpg,70
257.jpg,10
258.jpg,17
259.jpg,33
260.jpg,96
261.jpg,47
262.jpg,76
263.jpg,91
264.jpg,43
265.jpg,78
266.jpg,53
267.jpg,36
268.jpg,69
269.jpg,11
270.jpg,15
271.jpg,81
272.jpg,75
273.jpg,9
274.jpg,83
275.jpg,35
276.jpg,51
277.jpg,4
278.jpg,7
279.jpg,46
280.jpg,95
281.jpg,22
282.jpg,80
283.jpg,54
284.jpg,44
285.jpg,76
286.jpg,50
287.jpg,88
288.jpg,79
289.jpg,31
290.jpg,47
291.jpg,47
292.jpg,85
293.jpg,28
294.jpg,71
295.jpg,88
296.jpg,95
297.jpg,34
298.jpg,34
299.jpg,19
300.jpg,52
301.jpg,40
302.jpg,71
303.jpg,33
304.jpg,83
305.jpg,39
306.jpg,90
307.jpg,48
308.jpg,85
309.jpg,6
310.jpg,22
311.jpg,21
312.jpg,56
313.jpg,82
314.jpg,51
315.jpg,71
316.jpg,50
317.jpg,78
318.jpg,14
319.jpg,16
320.jpg,29
321.jpg,43
322.jpg,26
323.jpg,88
324.jpg,28
325.jpg,27
326.jpg,57
327.jpg,56
328.jpg,35
329.jpg,83
330.jpg,64
331.jpg,48
332.jpg,62
333.jpg,25
334.jpg,36
335.jpg,12
336.jpg,55
337.jpg,85
338.jpg,46
339.jpg,97
340.jpg,99
341.jpg,30
342.jpg,34
343.jpg,79
344.jpg,53
345.jpg,92
346.jpg,87
347.jpg,37
348.jpg,39
349.jpg,46
350.jpg,97
351.jpg,44
352.jpg,3
353.jpg,16
354.jpg,5
355.jpg,49
356.jpg,65
357.jpg,58
358.jpg,16
359.jpg,6
360.jpg,51
361.jpg,42
362.jpg,16
363.jpg,44
364.jpg,10
365.jpg,4
366.jpg,90
367.jpg,59
368.jpg,35
369.jpg,30
370.jpg,89
371.jpg,10
372.jpg,41
373.jpg,12
374.jpg,54
375.jpg,46
376.jpg,56
377.jpg,56
378.jpg,59
379.jpg,50
380.jpg,51
381.jpg,69
382.jpg,67
383.jpg,56
384.jpg,48
385.jpg,73
386.jpg,92
387.jpg,22
388.jpg,59
389.jpg,84
390.jpg,52
391.jpg,18
392.jpg,52
393.jpg,87
394.jpg,32
395.jpg,45
396.jpg,38
397.jpg,82
398.jpg,4
399.jpg,11
400.jpg,96
401.jpg,2
402.jpg,62
403.jpg,17
404.jpg,27
405.jpg,76
406.jpg,1
407.jpg,15
408.jpg,36
409.jpg,87
410.jpg,9
411.jpg,40
412.jpg,5
413.jpg,70
414.jpg,11
415.jpg,96
416.jpg,97
417.jpg,71
418.jpg,14
419.jpg,97
420.jpg,51
421.jpg,52
422.jpg,53
423.jpg,90
424.jpg,59
425.jpg,97
426.jpg,24
427.jpg,85
428.jpg,8
429.jpg,66
430.jpg,22
431.jpg,62
432.jpg,72
433.jpg,2
434.jpg,34
435.jpg,25
436.jpg,3
437.jpg,67
438.jpg,1
439.jpg,77
440.jpg,54
441.jpg,68
442.jpg,20
443.jpg,76
444.jpg,80
445.jpg,63
446.jpg,76
447.jpg,97
448.jpg,49
449.jpg,63
450.jpg,32
451.jpg,64
452.jpg,7
453.jpg,30
454.jpg,47
455.jpg,81
456.jpg,62
457.jpg,64
458.jpg,57
459.jpg,39
460.jpg,72
461.jpg,73
462.jpg,93
463.jpg,52
464.jpg,88
465.jpg,38
466.jpg,7
467.jpg,99
468.jpg,49
469.jpg,93
470.jpg,85
471.jpg,8
472.jpg,61
473.jpg,71
474.jpg,35
475.jpg,44
476.jpg,16
477.jpg,60
478.jpg,13
479.jpg,22
480.jpg,41
481.jpg,21
482.jpg,72
483.jpg,49
484.jpg,52
485.jpg,91
486.jpg,12
487.jpg,79
488.jpg,87
489.jpg,52
490.jpg,73
491.jpg,62
492.jpg,80
493.jpg,70
494.jpg,84
495.jpg,30
496.jpg,77
497.jpg,97
498.jpg,74
499.jpg,48
500.jpg,98
501.jpg,69
502.jpg,58
503.jpg,21
504.jpg,38
505.jpg,80
506.jpg,8
507.jpg,17
508.jpg,25
509.jpg,9
510.jpg,64
511.jpg,12
512.jpg,53
513.jpg,62
514.jpg,79
515.jpg,65
516.jpg,16
517.jpg,20
518.jpg,34
519.jpg,49
520.jpg,97
521.jpg,9
522.jpg,17
523.jpg,2
524.jpg,87
525.jpg,99
526.jpg,7
527.jpg,71
528.jpg,64
529.jpg,71
530.jpg,12
531.jpg,14
532.jpg,85
533.jpg,85
534.jpg,56
535.jpg,23
536.jpg,74
537.jpg,91
538.jpg,26
539.jpg,12
540.jpg,56
541.jpg,87
542.jpg,10
543.jpg,85
544.jpg,43
545.jpg,33
546.jpg,1
547.jpg,15
548.jpg,5
549.jpg,44
550.jpg,33
551.jpg,20
552.jpg,85
553.jpg,82
554.jpg,43
555.jpg,83
556.jpg,41
557.jpg,79
558.jpg,78
559.jpg,43
560.jpg,37
561.jpg,40
562.jpg,31
563.jpg,11
564.jpg,65
565.jpg,45
566.jpg,91
567.jpg,29
568.jpg,32
569.jpg,78
570.jpg,15
571.jpg,4
572.jpg,29
573.jpg,18
574.jpg,90
575.jpg,8
576.jpg,62
577.jpg,98
578.jpg,26
579.jpg,66
580.jpg,94
581.jpg,42
582.jpg,3
583.jpg,88
584.jpg,45
585.jpg,4
586.jpg,28
587.jpg,45
588.jpg,39
589.jpg,70
590.jpg,13
591.jpg,73
592.jpg,40
593.jpg,40
594.jpg,70
595.jpg,23
596.jpg,95
597.jpg,3
598.jpg,76
599.jpg,49
600.jpg,75
601.jpg,94
602.jpg,8
603.jpg,57
604.jpg,85
605.jpg,85
606.jpg,78
607.jpg,33
608.jpg,83
609.jpg,87
610.jpg,93
611.jpg,90
612.jpg,62
613.jpg,47
614.jpg,70
615.jpg,54
616.jpg,5
617.jpg,85
618.jpg,85
619.jpg,6
620.jpg,29
621.jpg,45
622.jpg,31
623.jpg,82
624.jpg,82
625.jpg,90
626.jpg,70
627.jpg,40
628.jpg,63
629.jpg,0
630.jpg,66
631.jpg,89
632.jpg,34
633.jpg,47
634.jpg,23
635.jpg,75
636.jpg,86
637.jpg,84
638.jpg,25
639.jpg,63
640.jpg,23
641.jpg,29
642.jpg,24
643.jpg,77
644.jpg,18
645.jpg,46
646.jpg,53
647.jpg,3
648.jpg,64
649.jpg,36
650.jpg,96
651.jpg,33
652.jpg,48
653.jpg,96
654.jpg,92
655.jpg,95
656.jpg,20
657.jpg,77
658.jpg,71
659.jpg,18
660.jpg,96
661.jpg,29
662.jpg,15
663.jpg,45
664.jpg,97
665.jpg,25
666.jpg,31
667.jpg,4
668.jpg,25
669.jpg,38
670.jpg,19
671.jpg,15
672.jpg,23
673.jpg,19
674.jpg,30
675.jpg,47
676.jpg,70
677.jpg,20
678.jpg,1
679.jpg,70
680.jpg,3
681.jpg,1
682.jpg,34
683.jpg,75
684.jpg,61
685.jpg,99
686.jpg,89
687.jpg,19
688.jpg,80
689.jpg,64
690.jpg,30
691.jpg,33
692.jpg,71
693.jpg,89
694.jpg,37
695.jpg,22
696.jpg,80
697.jpg,75
698.jpg,16
699.jpg,79
700.jpg,11
701.jpg,37
702.jpg,48
703.jpg,22
704.jpg,64
705.jpg,28
706.jpg,64
707.jpg,72
708.jpg,83
709.jpg,94
710.jpg,40
711.jpg,46
712.jpg,66
713.jpg,39
714.jpg,37
715.jpg,91
716.jpg,71
717.jpg,37
718.jpg,57
719.jpg,84
720.jpg,75
721.jpg,36
722.jpg,25
723.jpg,99
724.jpg,54
725.jpg,21
726.jpg,77
727.jpg,74
728.jpg,83
729.jpg,7
730.jpg,57
731.jpg,26
732.jpg,21
733.jpg,92
734.jpg,71
735.jpg,89
736.jpg,44
737.jpg,79
738.jpg,55
739.jpg,20
740.jpg,52
741.jpg,69
742.jpg,51
743.jpg,94
744.jpg,67
745.jpg,32
746.jpg,82
747.jpg,84
748.jpg,87
749.jpg,94
750.jpg,27
751.jpg,74
752.jpg,52
753.jpg,6
754.jpg,92
755.jpg,28
756.jpg,10
757.jpg,39
758.jpg,80
759.jpg,0
760.jpg,28
761.jpg,65
762.jpg,56
763.jpg,82
764.jpg,17
765.jpg,50
766.jpg,78
767.jpg,24
768.jpg,52
769.jpg,95
770.jpg,92
771.jpg,52
772.jpg,9
773.jpg,64
774.jpg,24
775.jpg,77
776.jpg,21
777.jpg,13
778.jpg,65
779.jpg,50
780.jpg,67
781.jpg,24
782.jpg,40
783.jpg,62
784.jpg,19
785.jpg,13
786.jpg,95
787.jpg,32
788.jpg,79
789.jpg,95
790.jpg,58
791.jpg,25
792.jpg,53
793.jpg,52
794.jpg,76
795.jpg,14
796.jpg,45
797.jpg,0
798.jpg,91
799.jpg,51
800.jpg,0
801.jpg,30
802.jpg,36
803.jpg,4
804.jpg,23
805.jpg,34
806.jpg,42
807.jpg,38
808.jpg,6
809.jpg,82
810.jpg,65
811.jpg,5
812.jpg,6
813.jpg,69
814.jpg,23
815.jpg,71
816.jpg,6
817.jpg,17
818.jpg,60
819.jpg,89
820.jpg,91
821.jpg,8
822.jpg,36
823.jpg,55
824.jpg,70
825.jpg,96
826.jpg,33
827.jpg,17
828.jpg,74
829.jpg,37
830.jpg,28
831.jpg,65
832.jpg,17
833.jpg,52
834.jpg,52
835.jpg,24
836.jpg,93
837.jpg,84
838.jpg,49
839.jpg,12
840.jpg,75
841.jpg,50
842.jpg,26
843.jpg,34
844.jpg,24
845.jpg,23
846.jpg,58
847.jpg,66
848.jpg,27
849.jpg,80
850.jpg,26
851.jpg,60
852.jpg,60
853.jpg,50
854.jpg,9
855.jpg,97
856.jpg,87
857.jpg,28
858.jpg,26
859.jpg,8
860.jpg,65
861.jpg,71
862.jpg,48
863.jpg,76
864.jpg,21
865.jpg,89
866.jpg,13
867.jpg,41
868.jpg,1
869.jpg,90
870.jpg,60
871.jpg,42
872.jpg,42
873.jpg,89
874.jpg,92
875.jpg,69
876.jpg,99
877.jpg,11
878.jpg,11
879.jpg,3
880.jpg,0
881.jpg,69
882.jpg,12
883.jpg,52
884.jpg,17
885.jpg,98
886.jpg,25
887.jpg,93
888.jpg,25
889.jpg,85
890.jpg,96
891.jpg,67
892.jpg,12
893.jpg,67
894.jpg,1
895.jpg,55
896.jpg,72
897.jpg,80
898.jpg,66
899.jpg,18
900.jpg,5
901.jpg,64
902.jpg,83
903.jpg,13
904.jpg,27
905.jpg,49
906.jpg,4
907.jpg,52
908.jpg,79
909.jpg,22
910.jpg,43
911.jpg,74
912.jpg,80
913.jpg,27
914.jpg,39
915.jpg,53
916.jpg,45
917.jpg,78
918.jpg,87
919.jpg,72
920.jpg,5
921.jpg,95
922.jpg,40
923.jpg,15
924.jpg,39
925.jpg,53
926.jpg,36
927.jpg,94
928.jpg,67
929.jpg,21
930.jpg,2
931.jpg,77
932.jpg,99
933.jpg,13
934.jpg,42
935.jpg,14
936.jpg,10
937.jpg,32
938.jpg,78
939.jpg,21
940.jpg,35
941.jpg,58
942.jpg,58
943.jpg,74
944.jpg,18
945.jpg,89
946.jpg,73
947.jpg,34
948.jpg,77
949.jpg,0
950.jpg,92
951.jpg,95
952.jpg,48
953.jpg,14
954.jpg,77
955.jpg,41
956.jpg,6
957.jpg,66
958.jpg,7
959.jpg,74
960.jpg,84
961.jpg,46
962.jpg,98
963.jpg,15
964.jpg,46
965.jpg,64
966.jpg,39
967.jpg,81
968.jpg,19
969.jpg,28
970.jpg,74
971.jpg,52
972.jpg,87
973.jpg,55
974.jpg,43
975.jpg,2
976.jpg,79
977.jpg,92
978.jpg,74
979.jpg,42
980.jpg,87
981.jpg,44
982.jpg,93
983.jpg,56
984.jpg,49
985.jpg,30
986.jpg,59
987.jpg,31
988.jpg,62
989.jpg,28
990.jpg,30
991.jpg,60
992.jpg,24
993.jpg,55
994.jpg,55
995.jpg,53
996.jpg,66
997.jpg,91
998.jpg,84
999.jpg,60
1000.jpg,31
1001.jpg,93
1002.jpg,70
1003.jpg,68
1004.jpg,78
1005.jpg,55
1006.jpg,95
1007.jpg,30
1008.jpg,81
1009.jpg,77
1010.jpg,7
1011.jpg,90
1012.jpg,76
1013.jpg,86
1014.jpg,11
1015.jpg,28
1016.jpg,19
1017.jpg,49
1018.jpg,10
1019.jpg,17
1020.jpg,82
1021.jpg,82
1022.jpg,0
1023.jpg,98
1024.jpg,48
1025.jpg,35
1026.jpg,57
1027.jpg,88
1028.jpg,62
1029.jpg,37
1030.jpg,62
1031.jpg,31
1032.jpg,2
1033.jpg,18
1034.jpg,77
1035.jpg,59
